{
    "version": "1.0",
    "metrics": {
        "MAE (Train)": 0.2762161401388852,
        "MAE (Test)": 16.676450315111786,
        "RMSE (Train)": 1.0465015609862565,
        "RMSE (Test)": 20.504790894170114,
        "MAPE % (Train)": 0.10354813115129256,
        "MAPE % (Test)": 3.35149641464712,
        "WAPE % (Train)": 0.09352747815767146,
        "WAPE % (Test)": 3.4359669773160766
    },
    "saved_at": "2026-03-13 12:28:28"
}